[
  {
    "name": "meghana",
    "phone": "9898989898",
    "email": "m@gmail.com",
    "message": "hiiiiiii"
  },
  {
    "name": "meghana",
    "phone": "9898989898",
    "email": "m@gmail.com",
    "message": "hiiiiiii"
  },
  {
    "name": "keerthana",
    "phone": "8787878787",
    "email": "kk@gmail.com",
    "message": "helloo this is the message"
  },
  {
    "name": "hyu",
    "phone": "5656565656",
    "email": "bhg@gmail.com",
    "message": "hiiiiii"
  },
  {
    "name": "hyu",
    "phone": "5656565656",
    "email": "bhg@gmail.com",
    "message": "hiiiiii"
  },
  {
    "name": "meghu",
    "phone": "8787878787",
    "email": "mmmm@gmail.com",
    "message": "helloooooo this is a new message"
  },
  {
    "name": "hiiiiiiiiiii",
    "phone": "6565454323",
    "email": "hgghy@gmail.com",
    "message": "ghtfthgfgfy"
  },
  {
    "name": "meghanaaaaa",
    "phone": "1212121212",
    "email": "me@gmail.com",
    "message": "helllo this is a query"
  },
  {
    "name": "newww",
    "phone": "6767654565",
    "email": "bhdsgjf@gmail.com",
    "message": "jhfahjrgfgdfsdvf"
  },
  {
    "name": "helloooo",
    "phone": "4545454545",
    "email": "bcd@gmail.com",
    "message": "hellooo i am meghana"
  },
  {
    "name": "hgb",
    "phone": "9898989898",
    "email": "hscsg@gmail.com",
    "message": "dushgyufgdaf"
  },
  {
    "name": "hgb",
    "phone": "9898989898",
    "email": "hscsg@gmail.com",
    "message": "dushgyufgdaf"
  },
  {
    "name": "",
    "phone": "",
    "email": "",
    "message": ""
  },
  {
    "name": "gffi",
    "phone": "0987654e",
    "email": "fdfreg@gmail.com",
    "message": "hi"
  },
  {
    "name": "gffi",
    "phone": "0987654e",
    "email": "fdfreg@gmail.com",
    "message": "hi"
  },
  {
    "name": "",
    "phone": "",
    "email": "",
    "message": ""
  },
  {
    "name": "",
    "phone": "",
    "email": "",
    "message": ""
  },
  {
    "name": "swa",
    "phone": "97654567",
    "email": "swa@gmail.com",
    "message": "hi"
  },
  {
    "name": "",
    "phone": "",
    "email": "",
    "message": ""
  },
  {
    "name": "",
    "phone": "",
    "email": "",
    "message": ""
  },
  {
    "name": "meghana",
    "phone": "7654567876",
    "email": "dhgahgc@gmail.com",
    "message": "Good"
  },
  {
    "name": "dvsgh",
    "phone": "8787878787",
    "email": "hg@gmail.com",
    "message": "sdahgcsacvdh"
  },
  {
    "name": "query",
    "phone": "7676767676",
    "email": "qu@gmail.com",
    "message": "queryyyes  i have"
  },
  {
    "name": "aaaaaaa",
    "phone": "1111111111",
    "email": "a1a1@gmail.com",
    "message": "aaaaaaaaaaa"
  },
  {
    "name": "dbshchsdbhb",
    "phone": "2323232323",
    "email": "dshfahb@gmail.com",
    "message": "hiie hellooooo"
  },
  {
    "name": "meghana",
    "phone": "8787878787",
    "email": "meghana@gmail.com",
    "message": "i have a query on websites"
  },
  {
    "name": "meghu",
    "phone": "6666666666",
    "email": "meghu@gmail.com",
    "message": "i have a query on websites working"
  },
  {
    "name": "uuuuu",
    "phone": "555555555",
    "email": "uu@gmail.com",
    "message": "uuuuuuuu"
  },
  {
    "name": "new user",
    "phone": "5555555555",
    "email": "new@gmail.com",
    "message": "New user i am and i have query"
  },
  {
    "name": "sfcds",
    "phone": "465345675",
    "email": "fd@gmail.com",
    "message": "hiiiiiiiiiii"
  },
  {
    "name": "new",
    "phone": "777777777",
    "email": "n@gmail.com",
    "message": "newwww"
  },
  {
    "name": "dsfvadvfd",
    "phone": "9898988988",
    "email": "dfhb@gmail.com",
    "message": "hiiiiiiiiiiiiiiiiiiiiiiiiiiiiiiiiii"
  },
  {
    "name": "dxfvfdv",
    "phone": "5555555",
    "email": "fg5@gmail.com",
    "message": "sdcdscdscdggggggggggg"
  },
  {
    "name": "dffdvdf",
    "phone": "444444444",
    "email": "dfv444@gmail.com",
    "message": "444444444444"
  },
  {
    "name": "ffdvdf",
    "phone": "8787878776",
    "email": "dsc@gmail.com",
    "message": "hiiiiiiiiiiiii"
  },
  {
    "name": "meghana",
    "phone": "555555555",
    "email": "mh@gmail.com",
    "message": "heloooooo"
  },
  {
    "name": "meghana",
    "phone": "6666666666",
    "email": "megh@gmail.com",
    "message": "I have a message for you about the website"
  },
  {
    "name": "hiiiii",
    "phone": "3333333333",
    "email": "hi@gmail.com",
    "message": "hii hello"
  },
  {
    "name": "Meghana",
    "phone": "8787878787",
    "email": "msg@gmail.com",
    "message": "hiii i am meghana"
  },
  {
    "name": "hello",
    "phone": "55555555",
    "email": "hello@gmail.com",
    "message": "helloooooooo"
  },
  {
    "name": "abcd",
    "phone": "888888888",
    "email": "abcd@gmail.com",
    "message": "hiiiiii i haveee"
  },
  {
    "name": "arohi",
    "phone": "8888888888",
    "email": "ar@gmail.com",
    "message": "i am arohi i have a query"
  },
  {
    "name": "meghu",
    "phone": "6666666666",
    "email": "meghu@gmail.com",
    "message": "I am Meghu and I have a query for you"
  },
  {
    "name": "meghanaaaaa",
    "phone": "1111111111",
    "email": "me@gmail.com",
    "message": "hiiiiiiiiiiiiiiiiiiiiiiiiiiiiiiiiiiiiiii"
  },
  {
    "name": "fvcfr",
    "phone": "55555",
    "email": "vfd@gmail.com",
    "message": "fvedsc"
  },
  {
    "name": "Sita",
    "phone": "8888888",
    "email": "s@gmail.com",
    "message": "I am sita i have a query about the website"
  }
]